remote_version,remote_name,source_status,source_reference
20250109000001,day13_reminder,mapped,unify-front-end/supabase/migrations/20250109_day13_reminder.sql
20250109000002,fix_rls_recursion,mapped,unify-front-end/supabase/migrations/20250109_fix_rls_recursion.sql
20250109000003,fix_rls_recursion_v2,mapped,unify-front-end/supabase/migrations/20250109_fix_rls_recursion_v2.sql
20250109000004,ice_breaker_prompts,mapped,unify-front-end/supabase/migrations/20250109_ice_breaker_prompts.sql
20250109000005,push_tokens,mapped,unify-front-end/supabase/migrations/20250109_push_tokens.sql
20250109000006,z_fix_rls_circles_messages,mapped,unify-front-end/supabase/migrations/20250109_z_fix_rls_circles_messages.sql
20250115000001,community_matching,mapped,unify-front-end/supabase/migrations/20250115_community_matching.sql
20250201000001,user_practice_progress,mapped,unify-front-end/supabase/migrations/20250201_user_practice_progress.sql
20250201000002,user_task_progress,mapped,unify-front-end/supabase/migrations/20250201_user_task_progress.sql
20250201000003,user_tasks_sanity_checklist_id,mapped,unify-front-end/supabase/migrations/20250201_user_tasks_sanity_checklist_id.sql
20250201000004,user_tasks_sanity_unique,mapped,unify-front-end/supabase/migrations/20250201_user_tasks_sanity_unique.sql
20250203000001,delete_user_function,mapped,unify-front-end/supabase/migrations/20250203_delete_user_function.sql
20260215000001,custom_checklist_tasks,mapped,unify-front-end/supabase/migrations/20260215_custom_checklist_tasks.sql
20260215000002,group_members_profile_visibility,mapped,unify-front-end/supabase/migrations/20260215_group_members_profile_visibility.sql
20260301000001,blocked_users,mapped,unify-front-end/supabase/migrations/20260301_blocked_users.sql
20260319000000,create_lesson_highlights,matched,unify-front-end/supabase/migrations/20260319000000_create_lesson_highlights.sql
20260319000001,add_default_user_id_to_lesson_highlights,matched,unify-front-end/supabase/migrations/20260319000001_add_default_user_id_to_lesson_highlights.sql
20260319000002,add_navigation_columns_to_lesson_highlights,matched,unify-front-end/supabase/migrations/20260319000002_add_navigation_columns_to_lesson_highlights.sql
20260319000003,feed_metadata_and_rag_perf,mapped,unify-front-end/supabase/migrations/20260319_feed_metadata_and_rag_perf.sql
20260320000001,create_vector_search_function,mapped,unify-front-end/supabase/migrations/create_vector_search_function.sql
20260320001001,fix_post_metadata_comment_counts,mapped,unify-front-end/supabase/migrations/20260320_fix_post_metadata_comment_counts.sql
20260320001002,increment_chatbot_usage_atomic,mapped,unify-front-end/supabase/migrations/20260320_increment_chatbot_usage_atomic.sql
20260320001003,rag_ingestion_pipeline,mapped,unify-front-end/supabase/migrations/20260320_rag_ingestion_pipeline.sql
20260320001004,z_matchmake_circles_schedule,mapped,unify-front-end/supabase/migrations/20260320_z_matchmake_circles_schedule.sql
20260320001005,zz_matchmake_circles_service_role_auth,mapped,unify-front-end/supabase/migrations/20260320_zz_matchmake_circles_service_role_auth.sql
20260320001006,zzz_cleanup_legacy_matchmaking_cron,mapped,unify-front-end/supabase/migrations/20260320_zzz_cleanup_legacy_matchmaking_cron.sql
20260320001007,zzzz_matchmake_circles_use_live_slug,mapped,unify-front-end/supabase/migrations/20260320_zzzz_matchmake_circles_use_live_slug.sql
20260320001008,zzzzz_circles_matching_refresh,mapped,unify-front-end/supabase/migrations/20260320_zzzzz_circles_matching_refresh.sql
20260320001009,zzzzzz_matchmake_circles_scheduler_auth_fallback,mapped,unify-front-end/supabase/migrations/20260320_zzzzzz_matchmake_circles_scheduler_auth_fallback.sql
20260320001010,zzzzzzz_matchmake_circles_review_fixes,mapped,unify-front-end/supabase/migrations/20260320_zzzzzzz_matchmake_circles_review_fixes.sql
20260321000001,lesson_page_saves,mapped,unify-front-end/supabase/migrations/20260321_lesson_page_saves.sql
20260322000000,merge_highlights_rpc,matched,unify-front-end/supabase/migrations/20260322000000_merge_highlights_rpc.sql
20260323000001,add_learn_reminder_tracking,mapped,unify-front-end/supabase/migrations/20260323_add_learn_reminder_tracking.sql
20260323000002,z_learn_reminders_schedule,mapped,unify-front-end/supabase/migrations/20260323_z_learn_reminders_schedule.sql
20260324000001,create_daily_tips,mapped,unify-front-end/supabase/migrations/20260324_create_daily_tips.sql
20260324000002,z_daily_tips_schedule,mapped,unify-front-end/supabase/migrations/20260324_z_daily_tips_schedule.sql
20260328000001,personalization_engine,mapped,unify-front-end/supabase/migrations/20260329_add_city_province_to_onboarding.sql;unify-front-end/supabase/migrations/20260413_learn_modules.sql;unify-front-end/supabase/migrations/20260413_learn_progress.sql;unify-front-end/supabase/migrations/20260414_seed_learn_modules_metadata.sql
20260411222825,daily_tips_per_user,mapped,unify-front-end/supabase/migrations/20260411_daily_tips_per_user.sql
20260413153634,20260329_checklist_task_order,mapped,unify-front-end/supabase/migrations/20260329_checklist_task_order.sql
20260413154048,20260413_z_sync_learn_modules_schedule,remote_only,production
20260413155546,20260414_z_sync_learn_modules_schedule,mapped,unify-front-end/supabase/migrations/20260414_z_sync_learn_modules_schedule.sql
20260415020030,circle_lifecycle_cron,mapped,unify-front-end/supabase/migrations/20260414_zzz_circle_lifecycle_cron.sql
20260415032643,security_hardening,mapped,unify-front-end/supabase/migrations/20260414_zzzz_security_hardening.sql
20260415040743,security_hardening_v2,mapped,unify-front-end/supabase/migrations/20260414_zzzzz_security_hardening_v2.sql
20260426043402,community_notifications_actor_select,mapped,unify-front-end/supabase/migrations/20260425_community_notifications_actor_select.sql
20260426065500,post_saves_unique_user_post,mapped,unify-front-end/supabase/migrations/20260425_post_saves_unique_user_post.sql
20260428165701,cascade_delete_comment_replies,mapped,unify-front-end/supabase/migrations/20260428165642_cascade_delete_comment_replies.sql
20260429030243,referrals,mapped,unify-front-end/supabase/migrations/20260428220000_referrals.sql
20260429050708,referrals_generate_invite_code_concurrent_safe,mapped,unify-front-end/supabase/migrations/20260429020000_referrals_generate_invite_code_concurrent_safe.sql
20260502220116,add_preferred_language_to_profiles,remote_only,production
20260512011123,giveaway_entries,remote_only,production
20260512022229,giveaway_entries_server_enforcement,remote_only,production
20260512040004,daily_tips_user_id_cascade,mapped,unify-front-end/supabase/migrations/20260511_daily_tips_user_id_cascade.sql
20260512044434,user_fk_cascade_audit,mapped,unify-front-end/supabase/migrations/20260511_user_fk_cascade_audit.sql
20260515041113,welcome_email_sent_at,mapped,unify-front-end/supabase/migrations/20260514_welcome_email_sent_at.sql
20260515041213,email_assets_bucket,mapped,unify-front-end/supabase/migrations/20260514_email_assets_bucket.sql
20260518224035,interview_picker_schema,mapped,unify-front-end/supabase/migrations/20260518000000_interview_picker_schema.sql
20260518230114,interview_picker_cron,mapped,unify-front-end/supabase/migrations/20260518000001_interview_picker_cron.sql
20260518230953,interview_picker_cron_no_jwt,remote_only,production
20260519052820,add_first_name_to_users,mapped,unify-front-end/supabase/migrations/20260518_add_first_name_to_users.sql
20260519060346,grant_update_first_name,mapped,unify-front-end/supabase/migrations/20260518_grant_update_first_name.sql
20260523052435,first_name_constraints,mapped,unify-front-end/supabase/migrations/20260518_first_name_constraints.sql
20260523055704,giveaway_window_may23_to_may31,remote_only,production
20260523200640,welcome_email_cron,mapped,unify-front-end/supabase/migrations/20260523_welcome_email_cron.sql
20260523215854,welcome_email_cron_rate_limit,mapped,unify-front-end/supabase/migrations/20260523_welcome_email_cron_rate_limit.sql
20260523221703,welcome_email_skip_backfill,mapped,unify-front-end/supabase/migrations/20260523_welcome_email_skip_backfill.sql
20260622010654,fix_chatbot_usage_counting,mapped,unify-front-end/supabase/migrations/20260621000000_fix_chatbot_usage_counting.sql
20260627175443,module_discussions,remote_only,production
20260705204724,user_practice_answers,mapped,unify-front-end/supabase/migrations/20260705_user_practice_answers.sql
20260816221412,restrict_chatbot_usage_rpc_execution,mapped,unify-front-end/supabase/migrations/20260816215836_restrict_chatbot_usage_rpc_execution.sql
